[
  {
    "_id": "5a6429db55739f6280f28be3",
    "type": "felling",
    "number_of_trees": 54,
    "status": "In Progress"
  },
  {
    "_id": "5a6429dbe1d8fd03b3110f85",
    "type": "transit",
    "number_of_trees": 54,
    "status": "Completed"
  },
  {
    "_id": "5a6429dbdb8e3df3bb62e6d6",
    "type": "felling",
    "number_of_trees": 51,
    "status": "Completed"
  },
  {
    "_id": "5a6429db8a1e41a6827a7146",
    "type": "transit",
    "number_of_trees": 51,
    "status": "Completed"
  },
  {
    "_id": "5a6429db9447209bf57b4aa6",
    "type": "transit",
    "number_of_trees": 50,
    "status": "In Progress"
  },
  {
    "_id": "5a6429db14655de2ea79e11e",
    "type": "felling",
    "number_of_trees": 51,
    "status": "In Progress"
  },
  {
    "_id": "5a6429dbf4b61221f539b410",
    "type": "felling",
    "number_of_trees": 52,
    "status": "In Progress"
  },
  {
    "_id": "5a6429db745ff86e2cfe3eb7",
    "type": "transit",
    "number_of_trees": 54,
    "status": "Initiated"
  },
  {
    "_id": "5a6429dbcd10da9991e14133",
    "type": "felling",
    "number_of_trees": 51,
    "status": "In Progress"
  },
  {
    "_id": "5a6429db31bbdbf12838fe20",
    "type": "felling",
    "number_of_trees": 51,
    "status": "Completed"
  },
  {
    "_id": "5a6429db49e5dce48eb25ef7",
    "type": "felling",
    "number_of_trees": 55,
    "status": "In Progress"
  },
  {
    "_id": "5a6429db0253e9972c697074",
    "type": "felling",
    "number_of_trees": 53,
    "status": "In Progress"
  },
  {
    "_id": "5a6429dbd47ea850f8568216",
    "type": "felling",
    "number_of_trees": 51,
    "status": "In Progress"
  },
  {
    "_id": "5a6429db25ef101a41def6c3",
    "type": "felling",
    "number_of_trees": 51,
    "status": "In Progress"
  },
  {
    "_id": "5a6429dbda6d8dba97210144",
    "type": "felling",
    "number_of_trees": 55,
    "status": "Completed"
  },
  {
    "_id": "5a6429db7eb0f16dcb7ddc59",
    "type": "transit",
    "number_of_trees": 52,
    "status": "In Progress"
  }
]