[
  {
    "_id": "5a64282d4570926190af0fb4",
    "location": "903 Campus Road, Fillmore, Missouri, 9612",
    "species": "sheesham",
    "owners": "Guthrie Levine",
    "girth": 1578.32,
    "height": 30,
    "age": 116,
    "surveyNumber": 3260,
    "address": "451 Canarsie Road, Grayhawk, New Hampshire, 5927",
    "registered_date": "2017-12-28T06:10:24 -06:-30",
    "latitude": 16.611152,
    "longitude": -171.630552
  },
  {
    "_id": "5a64282db78dc0da9aac965b",
    "location": "721 Herzl Street, Watchtower, Rhode Island, 3198",
    "species": "walnut",
    "owners": "Hobbs Walter",
    "girth": 2506.16,
    "height": 29,
    "age": 123,
    "surveyNumber": 6088,
    "address": "486 Quentin Road, Smeltertown, Virgin Islands, 2032",
    "registered_date": "2014-02-26T03:04:30 -06:-30",
    "latitude": 7.569716,
    "longitude": -80.766883
  },
  {
    "_id": "5a64282d7aa6fbfc37410761",
    "location": "873 Beard Street, Fairacres, Utah, 9619",
    "species": "cidar",
    "owners": "York Flowers",
    "girth": 1606.34,
    "height": 22,
    "age": 150,
    "surveyNumber": 5094,
    "address": "718 McKinley Avenue, Layhill, Kansas, 8182",
    "registered_date": "2016-11-17T01:18:34 -06:-30",
    "latitude": -40.930368,
    "longitude": -67.240717
  },
  {
    "_id": "5a64282dcd73cad92ef2bb9d",
    "location": "401 Congress Street, Waumandee, Florida, 5790",
    "species": "cidar",
    "owners": "Mcneil Larsen",
    "girth": 3902.91,
    "height": 20,
    "age": 120,
    "surveyNumber": 3067,
    "address": "827 Neptune Court, Snyderville, New Jersey, 1437",
    "registered_date": "2017-08-06T05:52:11 -06:-30",
    "latitude": 31.760291,
    "longitude": -156.695004
  },
  {
    "_id": "5a64282d2e7b54ce0a4b0c98",
    "location": "170 Polhemus Place, Franklin, Michigan, 2196",
    "species": "walnut",
    "owners": "Benita Larson",
    "girth": 3644.07,
    "height": 21,
    "age": 116,
    "surveyNumber": 5781,
    "address": "341 Indiana Place, Masthope, Georgia, 8254",
    "registered_date": "2017-05-31T12:55:14 -06:-30",
    "latitude": 1.119521,
    "longitude": 77.873108
  },
  {
    "_id": "5a64282da7174c60f14a149d",
    "location": "509 Grimes Road, Tioga, Illinois, 7135",
    "species": "cidar",
    "owners": "Ball Freeman",
    "girth": 1297.16,
    "height": 36,
    "age": 137,
    "surveyNumber": 5319,
    "address": "897 Hinckley Place, Hilltop, Maine, 7199",
    "registered_date": "2017-12-29T05:50:33 -06:-30",
    "latitude": 40.65082,
    "longitude": -94.116376
  },
  {
    "_id": "5a64282d0c19b97f56206ad3",
    "location": "938 Evergreen Avenue, Escondida, Oklahoma, 4084",
    "species": "cidar",
    "owners": "Merle Klein",
    "girth": 2649.24,
    "height": 38,
    "age": 129,
    "surveyNumber": 1645,
    "address": "786 Bergen Street, Gambrills, Connecticut, 9222",
    "registered_date": "2017-11-11T06:14:56 -06:-30",
    "latitude": -14.094036,
    "longitude": 95.308766
  },
  {
    "_id": "5a64282dc2e93b2c27e9be62",
    "location": "763 Newkirk Placez, Woodlake, Vermont, 8260",
    "species": "cidar",
    "owners": "Shannon Church",
    "girth": 2150.71,
    "height": 31,
    "age": 121,
    "surveyNumber": 3095,
    "address": "247 Oceanview Avenue, Otranto, Kentucky, 793",
    "registered_date": "2017-08-12T05:50:13 -06:-30",
    "latitude": -39.651767,
    "longitude": -173.415678
  },
  {
    "_id": "5a64282d295a321fc8342d22",
    "location": "764 Stryker Court, Rockbridge, Minnesota, 4242",
    "species": "cidar",
    "owners": "Eunice Savage",
    "girth": 3033.17,
    "height": 39,
    "age": 132,
    "surveyNumber": 6879,
    "address": "202 Ide Court, Cataract, Nebraska, 8730",
    "registered_date": "2017-02-25T12:02:45 -06:-30",
    "latitude": -76.708826,
    "longitude": 124.702144
  },
  {
    "_id": "5a64282d58c3428a4cbdf9fd",
    "location": "357 Bethel Loop, Chesterfield, Massachusetts, 5309",
    "species": "cidar",
    "owners": "Casey Bullock",
    "girth": 3605.64,
    "height": 31,
    "age": 141,
    "surveyNumber": 6628,
    "address": "869 Elliott Walk, Goochland, Maryland, 2573",
    "registered_date": "2018-01-07T09:29:14 -06:-30",
    "latitude": 5.908537,
    "longitude": -43.953675
  },
  {
    "_id": "5a64282d5c93c455209c0b93",
    "location": "254 Humboldt Street, Rote, Wyoming, 1532",
    "species": "sheesham",
    "owners": "Pope Castaneda",
    "girth": 3499.36,
    "height": 31,
    "age": 150,
    "surveyNumber": 7677,
    "address": "572 Cobek Court, Savage, North Dakota, 4396",
    "registered_date": "2015-02-21T04:37:06 -06:-30",
    "latitude": -87.421694,
    "longitude": 133.487272
  },
  {
    "_id": "5a64282d55cc6f1ab2a57ef3",
    "location": "981 Conduit Boulevard, Belleview, North Carolina, 6169",
    "species": "cidar",
    "owners": "Wood Cooper",
    "girth": 2008.59,
    "height": 22,
    "age": 112,
    "surveyNumber": 1617,
    "address": "412 Canton Court, Flintville, South Dakota, 7679",
    "registered_date": "2017-08-08T06:32:04 -06:-30",
    "latitude": -70.429987,
    "longitude": 117.18976
  },
  {
    "_id": "5a64282d871ce5d959062d13",
    "location": "193 Lefferts Avenue, Oceola, Colorado, 3380",
    "species": "teak",
    "owners": "Angelita Osborn",
    "girth": 3636.93,
    "height": 24,
    "age": 133,
    "surveyNumber": 9142,
    "address": "637 Cheever Place, Sheatown, Puerto Rico, 9533",
    "registered_date": "2017-09-10T04:36:55 -06:-30",
    "latitude": -78.583123,
    "longitude": -132.296808
  },
  {
    "_id": "5a64282daf8aa8c437033274",
    "location": "989 Gallatin Place, Kansas, District Of Columbia, 5569",
    "species": "sheesham",
    "owners": "Norton Landry",
    "girth": 1320.58,
    "height": 35,
    "age": 142,
    "surveyNumber": 4129,
    "address": "959 Lott Street, Dola, Idaho, 3134",
    "registered_date": "2017-10-15T02:03:51 -06:-30",
    "latitude": -11.684758,
    "longitude": 1.477103
  },
  {
    "_id": "5a64282d7304aee5d5a841f3",
    "location": "220 Neptune Avenue, Chemung, Alabama, 9364",
    "species": "walnut",
    "owners": "Flynn Goodwin",
    "girth": 3659.01,
    "height": 25,
    "age": 126,
    "surveyNumber": 7655,
    "address": "867 Everett Avenue, Sandston, Arizona, 4059",
    "registered_date": "2014-01-07T08:44:45 -06:-30",
    "latitude": 31.866164,
    "longitude": -36.176341
  },
  {
    "_id": "5a64282dc62c74af7835dd75",
    "location": "885 Midwood Street, Edinburg, Palau, 5999",
    "species": "walnut",
    "owners": "Mcmillan Collier",
    "girth": 3958.17,
    "height": 26,
    "age": 149,
    "surveyNumber": 8445,
    "address": "192 Desmond Court, Dante, New York, 9602",
    "registered_date": "2014-02-08T06:52:09 -06:-30",
    "latitude": -69.471895,
    "longitude": -22.848434
  },
  {
    "_id": "5a64282d889295e429e5c8cf",
    "location": "472 Rockaway Parkway, Duryea, Alaska, 8568",
    "species": "sheesham",
    "owners": "Walls Jennings",
    "girth": 2738.15,
    "height": 31,
    "age": 148,
    "surveyNumber": 1676,
    "address": "653 Hutchinson Court, Wintersburg, Northern Mariana Islands, 8989",
    "registered_date": "2015-08-13T04:43:24 -06:-30",
    "latitude": -89.956968,
    "longitude": -9.311294
  },
  {
    "_id": "5a64282d09b1526723796f80",
    "location": "161 Doughty Street, Crenshaw, New Mexico, 4872",
    "species": "walnut",
    "owners": "Odessa Holman",
    "girth": 2772.88,
    "height": 40,
    "age": 136,
    "surveyNumber": 3438,
    "address": "247 Drew Street, Dundee, Guam, 3740",
    "registered_date": "2015-07-05T11:50:04 -06:-30",
    "latitude": -45.311839,
    "longitude": 44.675334
  },
  {
    "_id": "5a64282deaa32258d8675c0d",
    "location": "311 Poly Place, Dahlen, Oregon, 9468",
    "species": "walnut",
    "owners": "Hilda Banks",
    "girth": 3748.3,
    "height": 20,
    "age": 143,
    "surveyNumber": 9650,
    "address": "445 Keap Street, Saranap, Nevada, 646",
    "registered_date": "2016-08-21T09:28:05 -06:-30",
    "latitude": -85.609261,
    "longitude": -90.362372
  },
  {
    "_id": "5a64282d41fc816ab8650678",
    "location": "910 Lamont Court, Canterwood, Tennessee, 2850",
    "species": "sheesham",
    "owners": "Buchanan Pitts",
    "girth": 1270.41,
    "height": 26,
    "age": 142,
    "surveyNumber": 3126,
    "address": "853 Senator Street, Jugtown, American Samoa, 9110",
    "registered_date": "2017-04-18T02:57:53 -06:-30",
    "latitude": -88.220106,
    "longitude": -89.069037
  },
  {
    "_id": "5a64282dd4d044266ba65485",
    "location": "849 Willow Street, Chautauqua, Ohio, 4252",
    "species": "teak",
    "owners": "Hayden Cohen",
    "girth": 1289.92,
    "height": 36,
    "age": 117,
    "surveyNumber": 5138,
    "address": "207 Greenwood Avenue, Bloomington, Washington, 2691",
    "registered_date": "2015-06-27T08:57:10 -06:-30",
    "latitude": -70.36636,
    "longitude": 175.193621
  },
  {
    "_id": "5a64282d0bfbb35c5dc43eab",
    "location": "781 George Street, Santel, Marshall Islands, 2317",
    "species": "sheesham",
    "owners": "Elisa Galloway",
    "girth": 2892.79,
    "height": 33,
    "age": 130,
    "surveyNumber": 1232,
    "address": "450 Lorraine Street, Motley, Virginia, 3490",
    "registered_date": "2014-10-31T11:42:56 -06:-30",
    "latitude": -9.119762,
    "longitude": 163.141833
  },
  {
    "_id": "5a64282d7b73f148c809e297",
    "location": "243 Moultrie Street, Downsville, California, 2497",
    "species": "teak",
    "owners": "Roberson Harrell",
    "girth": 1066.1,
    "height": 30,
    "age": 144,
    "surveyNumber": 5982,
    "address": "458 Bleecker Street, Brandywine, Pennsylvania, 7342",
    "registered_date": "2017-01-04T03:54:48 -06:-30",
    "latitude": -12.192409,
    "longitude": -113.732637
  },
  {
    "_id": "5a64282d6c6307ac43650300",
    "location": "790 Hamilton Avenue, Lawrence, West Virginia, 7251",
    "species": "walnut",
    "owners": "Christie Kane",
    "girth": 3115.9,
    "height": 25,
    "age": 124,
    "surveyNumber": 2824,
    "address": "717 Herbert Street, Buxton, Texas, 1217",
    "registered_date": "2017-05-05T12:48:18 -06:-30",
    "latitude": 43.044259,
    "longitude": -141.059613
  },
  {
    "_id": "5a64282d9ea112c485b2bde8",
    "location": "244 Tapscott Avenue, Madrid, Delaware, 9926",
    "species": "teak",
    "owners": "Jacqueline Puckett",
    "girth": 2416.9,
    "height": 39,
    "age": 114,
    "surveyNumber": 8524,
    "address": "840 Putnam Avenue, Clinton, Arkansas, 7116",
    "registered_date": "2014-10-29T01:29:42 -06:-30",
    "latitude": -39.74648,
    "longitude": 98.311493
  },
  {
    "_id": "5a64282dda97764f37dc885d",
    "location": "258 Denton Place, Linganore, South Carolina, 8739",
    "species": "sheesham",
    "owners": "Best Mann",
    "girth": 2836.93,
    "height": 21,
    "age": 111,
    "surveyNumber": 7598,
    "address": "230 Lake Street, Bagtown, Mississippi, 8004",
    "registered_date": "2014-02-13T05:17:09 -06:-30",
    "latitude": -21.860286,
    "longitude": -167.654295
  },
  {
    "_id": "5a64282d9f9baacc8bb0e730",
    "location": "848 Arlington Place, Islandia, Louisiana, 1331",
    "species": "cidar",
    "owners": "Ray Knight",
    "girth": 2114.04,
    "height": 26,
    "age": 122,
    "surveyNumber": 6546,
    "address": "490 Malbone Street, Robinson, Federated States Of Micronesia, 5123",
    "registered_date": "2017-07-17T05:08:28 -06:-30",
    "latitude": 28.43995,
    "longitude": -157.036723
  },
  {
    "_id": "5a64282dde9b43d1efd4befa",
    "location": "366 Holt Court, Baker, Indiana, 7740",
    "species": "walnut",
    "owners": "Pat Weber",
    "girth": 3488.36,
    "height": 24,
    "age": 114,
    "surveyNumber": 7774,
    "address": "343 Kosciusko Street, Manchester, Wisconsin, 5142",
    "registered_date": "2015-06-12T07:25:11 -06:-30",
    "latitude": -70.602829,
    "longitude": -96.794938
  },
  {
    "_id": "5a64282da811f162928f3e17",
    "location": "138 Lott Place, Rosburg, Iowa, 8128",
    "species": "teak",
    "owners": "Cecilia Rutledge",
    "girth": 2960.74,
    "height": 36,
    "age": 146,
    "surveyNumber": 4287,
    "address": "390 Concord Street, Hiwasse, Montana, 4740",
    "registered_date": "2016-01-08T04:58:07 -06:-30",
    "latitude": -63.176991,
    "longitude": 103.599472
  },
  {
    "_id": "5a64282dbcacb1f366b38c90",
    "location": "923 Grove Street, Wyano, Missouri, 7000",
    "species": "walnut",
    "owners": "Marietta Owens",
    "girth": 1606.81,
    "height": 22,
    "age": 129,
    "surveyNumber": 7407,
    "address": "741 Hausman Street, Ruckersville, New Hampshire, 2005",
    "registered_date": "2016-03-15T11:03:10 -06:-30",
    "latitude": -86.591252,
    "longitude": 68.736851
  },
  {
    "_id": "5a64282d30e84bfe520897ae",
    "location": "731 Devoe Street, Sterling, Rhode Island, 7698",
    "species": "teak",
    "owners": "Raymond Alexander",
    "girth": 2981.25,
    "height": 21,
    "age": 138,
    "surveyNumber": 8725,
    "address": "137 Conklin Avenue, Epworth, Virgin Islands, 5217",
    "registered_date": "2014-01-07T12:50:25 -06:-30",
    "latitude": 45.628274,
    "longitude": 178.538829
  },
  {
    "_id": "5a64282da6c0a3f159070f21",
    "location": "437 Maple Avenue, Whipholt, Utah, 6787",
    "species": "sheesham",
    "owners": "Vaughn Walters",
    "girth": 3707.51,
    "height": 24,
    "age": 137,
    "surveyNumber": 8080,
    "address": "659 Prescott Place, Cascades, Kansas, 1054",
    "registered_date": "2014-03-02T06:53:52 -06:-30",
    "latitude": -58.069467,
    "longitude": 12.032146
  },
  {
    "_id": "5a64282d684969ce48cde46b",
    "location": "741 Tilden Avenue, Hiseville, Florida, 4104",
    "species": "teak",
    "owners": "Katelyn Giles",
    "girth": 2461.6,
    "height": 35,
    "age": 112,
    "surveyNumber": 6852,
    "address": "440 Coffey Street, Stonybrook, New Jersey, 4241",
    "registered_date": "2015-10-25T11:52:14 -06:-30",
    "latitude": -49.010811,
    "longitude": 73.19954
  },
  {
    "_id": "5a64282d1ba67e86b87c9ec0",
    "location": "991 Manhattan Avenue, Alamo, Michigan, 2583",
    "species": "walnut",
    "owners": "Browning Mcguire",
    "girth": 2735.04,
    "height": 39,
    "age": 142,
    "surveyNumber": 9641,
    "address": "678 Riverdale Avenue, Salix, Georgia, 1238",
    "registered_date": "2014-12-19T10:06:46 -06:-30",
    "latitude": 63.317572,
    "longitude": -62.313368
  },
  {
    "_id": "5a64282d40f29d768f549b05",
    "location": "679 Kansas Place, Nogal, Illinois, 329",
    "species": "sheesham",
    "owners": "Naomi Cline",
    "girth": 1830.68,
    "height": 34,
    "age": 117,
    "surveyNumber": 3294,
    "address": "525 Independence Avenue, Norris, Maine, 3251",
    "registered_date": "2015-08-10T02:32:08 -06:-30",
    "latitude": 59.738133,
    "longitude": 167.7022
  },
  {
    "_id": "5a64282d4804a28a228e1d31",
    "location": "217 Meserole Avenue, Morningside, Oklahoma, 427",
    "species": "cidar",
    "owners": "Carlson Collins",
    "girth": 1062.53,
    "height": 38,
    "age": 146,
    "surveyNumber": 7759,
    "address": "322 Pierrepont Place, Richmond, Connecticut, 279",
    "registered_date": "2016-11-30T11:15:19 -06:-30",
    "latitude": 52.581733,
    "longitude": 135.386553
  },
  {
    "_id": "5a64282da18ce1785ad0f47d",
    "location": "536 Montauk Avenue, Elfrida, Vermont, 6300",
    "species": "cidar",
    "owners": "Levy Talley",
    "girth": 3023.42,
    "height": 34,
    "age": 131,
    "surveyNumber": 1422,
    "address": "704 Union Street, Sylvanite, Kentucky, 3114",
    "registered_date": "2017-08-31T05:28:40 -06:-30",
    "latitude": -75.525801,
    "longitude": -91.517657
  },
  {
    "_id": "5a64282d6062dfb1906d899f",
    "location": "440 Balfour Place, Canby, Minnesota, 2914",
    "species": "cidar",
    "owners": "Jaime Finch",
    "girth": 3887.69,
    "height": 30,
    "age": 150,
    "surveyNumber": 6381,
    "address": "283 Florence Avenue, Cumminsville, Nebraska, 755",
    "registered_date": "2015-02-15T08:16:12 -06:-30",
    "latitude": 15.236816,
    "longitude": 85.11865
  },
  {
    "_id": "5a64282d0496fe2aa67123f4",
    "location": "105 Madoc Avenue, Why, Massachusetts, 3427",
    "species": "teak",
    "owners": "Dee Winters",
    "girth": 3615.77,
    "height": 33,
    "age": 126,
    "surveyNumber": 6277,
    "address": "861 Preston Court, Fairview, Maryland, 7963",
    "registered_date": "2017-04-05T03:18:28 -06:-30",
    "latitude": 59.663955,
    "longitude": 176.831375
  },
  {
    "_id": "5a64282d81417f3d12f8d0b0",
    "location": "295 Hegeman Avenue, Jenkinsville, Wyoming, 2103",
    "species": "cidar",
    "owners": "Brennan Norris",
    "girth": 1539,
    "height": 26,
    "age": 138,
    "surveyNumber": 1037,
    "address": "692 Montague Terrace, Lopezo, North Dakota, 6194",
    "registered_date": "2015-04-02T12:29:28 -06:-30",
    "latitude": -81.582593,
    "longitude": 82.309398
  },
  {
    "_id": "5a64282d4d8e2c3eff938257",
    "location": "293 Calyer Street, Fidelis, North Carolina, 890",
    "species": "teak",
    "owners": "Megan Robbins",
    "girth": 3006.6,
    "height": 23,
    "age": 120,
    "surveyNumber": 4538,
    "address": "131 Portal Street, Gallina, South Dakota, 1420",
    "registered_date": "2017-04-13T04:36:00 -06:-30",
    "latitude": 81.367515,
    "longitude": -24.54638
  },
  {
    "_id": "5a64282d9e34154b96c96f81",
    "location": "387 Coleridge Street, Galesville, Colorado, 196",
    "species": "sheesham",
    "owners": "Lara Boyle",
    "girth": 1868.33,
    "height": 32,
    "age": 130,
    "surveyNumber": 6614,
    "address": "415 Pine Street, Columbus, Puerto Rico, 6284",
    "registered_date": "2016-12-12T06:52:14 -06:-30",
    "latitude": 9.649009,
    "longitude": 103.26106
  },
  {
    "_id": "5a64282da2a115d3c9e3b536",
    "location": "103 Gunther Place, Hachita, District Of Columbia, 1097",
    "species": "sheesham",
    "owners": "Velma Kirby",
    "girth": 1206.18,
    "height": 32,
    "age": 131,
    "surveyNumber": 5159,
    "address": "211 Howard Alley, Dunnavant, Idaho, 7204",
    "registered_date": "2016-10-12T05:07:08 -06:-30",
    "latitude": -19.068867,
    "longitude": -117.758614
  },
  {
    "_id": "5a64282dab64ab3ebde4b1ca",
    "location": "454 Tapscott Street, Mappsville, Alabama, 6875",
    "species": "walnut",
    "owners": "Lloyd Ramos",
    "girth": 2687.53,
    "height": 31,
    "age": 123,
    "surveyNumber": 3517,
    "address": "552 Crescent Street, Camino, Arizona, 9111",
    "registered_date": "2014-07-12T12:18:07 -06:-30",
    "latitude": -75.992338,
    "longitude": -50.799502
  },
  {
    "_id": "5a64282d2b5a245f57c69fe3",
    "location": "976 Arion Place, Collins, Palau, 904",
    "species": "teak",
    "owners": "May Langley",
    "girth": 3612.02,
    "height": 27,
    "age": 114,
    "surveyNumber": 4084,
    "address": "897 Orange Street, Turpin, New York, 3611",
    "registered_date": "2016-06-17T12:53:21 -06:-30",
    "latitude": 10.03204,
    "longitude": 165.476803
  },
  {
    "_id": "5a64282de2c08785b284fbf4",
    "location": "783 Louisiana Avenue, Sutton, Alaska, 5009",
    "species": "cidar",
    "owners": "Cornelia Suarez",
    "girth": 2317.19,
    "height": 24,
    "age": 149,
    "surveyNumber": 9154,
    "address": "260 Thatford Avenue, Rehrersburg, Northern Mariana Islands, 5651",
    "registered_date": "2016-10-15T06:09:36 -06:-30",
    "latitude": 22.308243,
    "longitude": 179.303536
  },
  {
    "_id": "5a64282dffd7f18af5e3355a",
    "location": "226 Bijou Avenue, Northridge, New Mexico, 5761",
    "species": "cidar",
    "owners": "Young Perry",
    "girth": 1712.19,
    "height": 24,
    "age": 114,
    "surveyNumber": 3631,
    "address": "474 Autumn Avenue, Tilden, Guam, 572",
    "registered_date": "2016-12-16T10:35:09 -06:-30",
    "latitude": -6.306481,
    "longitude": -176.669952
  },
  {
    "_id": "5a64282d3e4d2e0c877399d4",
    "location": "388 Kenilworth Place, Golconda, Oregon, 9268",
    "species": "teak",
    "owners": "Bridges Hall",
    "girth": 3190.16,
    "height": 37,
    "age": 145,
    "surveyNumber": 3146,
    "address": "411 Wogan Terrace, Longbranch, Nevada, 9851",
    "registered_date": "2014-04-09T11:22:40 -06:-30",
    "latitude": 53.474947,
    "longitude": 54.727967
  },
  {
    "_id": "5a64282d4ccb2dcf271a964a",
    "location": "234 Bragg Court, Venice, Tennessee, 6968",
    "species": "walnut",
    "owners": "Deanna Dejesus",
    "girth": 1778.41,
    "height": 23,
    "age": 141,
    "surveyNumber": 4344,
    "address": "455 Underhill Avenue, Winesburg, American Samoa, 3201",
    "registered_date": "2015-12-09T11:53:06 -06:-30",
    "latitude": -25.296189,
    "longitude": -155.164357
  },
  {
    "_id": "5a64282da833644236707373",
    "location": "810 Fanchon Place, Felt, Ohio, 7348",
    "species": "teak",
    "owners": "Sara Dyer",
    "girth": 2638.84,
    "height": 29,
    "age": 135,
    "surveyNumber": 7058,
    "address": "125 Stillwell Avenue, Cawood, Washington, 7580",
    "registered_date": "2016-05-30T04:31:08 -06:-30",
    "latitude": 7.300384,
    "longitude": -46.69943
  },
  {
    "_id": "5a64282d05d51ac582fea11b",
    "location": "652 Jaffray Street, Woodburn, Marshall Islands, 5020",
    "species": "walnut",
    "owners": "Stewart Newton",
    "girth": 3196.56,
    "height": 39,
    "age": 135,
    "surveyNumber": 1831,
    "address": "653 Madison Street, Kilbourne, Virginia, 6309",
    "registered_date": "2016-10-01T06:03:53 -06:-30",
    "latitude": -87.796906,
    "longitude": -173.66139
  },
  {
    "_id": "5a64282ddc7b4c8996da5982",
    "location": "630 Brooklyn Avenue, Wawona, California, 7526",
    "species": "sheesham",
    "owners": "Gwen Sanchez",
    "girth": 2522.21,
    "height": 38,
    "age": 119,
    "surveyNumber": 7300,
    "address": "455 Commerce Street, Abrams, Pennsylvania, 5984",
    "registered_date": "2016-07-24T06:41:38 -06:-30",
    "latitude": 42.869705,
    "longitude": -6.088394
  },
  {
    "_id": "5a64282d81214bfbf5863a63",
    "location": "849 Irving Place, Wilmington, West Virginia, 9521",
    "species": "teak",
    "owners": "Blanchard Odonnell",
    "girth": 1646.56,
    "height": 20,
    "age": 143,
    "surveyNumber": 8860,
    "address": "435 Mill Avenue, Fivepointville, Texas, 673",
    "registered_date": "2015-02-01T08:29:36 -06:-30",
    "latitude": -58.248719,
    "longitude": -27.5712
  },
  {
    "_id": "5a64282df2bfa3d227925da2",
    "location": "344 Sackett Street, Marne, Delaware, 5631",
    "species": "sheesham",
    "owners": "Gibson Palmer",
    "girth": 3362.37,
    "height": 23,
    "age": 133,
    "surveyNumber": 6805,
    "address": "585 Seba Avenue, Kieler, Arkansas, 1144",
    "registered_date": "2014-05-15T05:51:17 -06:-30",
    "latitude": 85.956736,
    "longitude": 23.667326
  },
  {
    "_id": "5a64282d2c3723c6ff1083fa",
    "location": "322 Battery Avenue, Utting, South Carolina, 3903",
    "species": "sheesham",
    "owners": "Workman Spears",
    "girth": 3821.7,
    "height": 26,
    "age": 115,
    "surveyNumber": 5894,
    "address": "698 Regent Place, Marienthal, Mississippi, 6730",
    "registered_date": "2014-02-13T10:02:17 -06:-30",
    "latitude": -41.8221,
    "longitude": -32.080178
  },
  {
    "_id": "5a64282d1e2e0880e96449f7",
    "location": "905 Bainbridge Street, Gilmore, Louisiana, 7838",
    "species": "sheesham",
    "owners": "Hyde Beasley",
    "girth": 2898,
    "height": 27,
    "age": 139,
    "surveyNumber": 2389,
    "address": "499 Whitwell Place, Waterview, Federated States Of Micronesia, 3525",
    "registered_date": "2017-05-09T03:39:00 -06:-30",
    "latitude": 87.754607,
    "longitude": -156.664135
  },
  {
    "_id": "5a64282dc3f85a6b4ac152de",
    "location": "703 Sutton Street, Terlingua, Indiana, 2573",
    "species": "sheesham",
    "owners": "Charlotte Gilliam",
    "girth": 2671.49,
    "height": 26,
    "age": 119,
    "surveyNumber": 7363,
    "address": "227 Malta Street, Brethren, Wisconsin, 1398",
    "registered_date": "2018-01-12T07:03:43 -06:-30",
    "latitude": -73.426229,
    "longitude": -37.374687
  },
  {
    "_id": "5a64282d93c0f841d54640f4",
    "location": "887 Kensington Walk, Bainbridge, Iowa, 9682",
    "species": "cidar",
    "owners": "Lesa Jordan",
    "girth": 2669.3,
    "height": 20,
    "age": 111,
    "surveyNumber": 8229,
    "address": "540 Bowery Street, Gordon, Montana, 764",
    "registered_date": "2014-02-26T03:49:50 -06:-30",
    "latitude": -4.133874,
    "longitude": 130.87749
  },
  {
    "_id": "5a64282de3b68961f00661c9",
    "location": "172 Debevoise Avenue, Naomi, Missouri, 2348",
    "species": "cidar",
    "owners": "Tonya Sullivan",
    "girth": 1942.62,
    "height": 24,
    "age": 146,
    "surveyNumber": 3972,
    "address": "482 Irwin Street, Dellview, New Hampshire, 4619",
    "registered_date": "2015-10-21T05:44:47 -06:-30",
    "latitude": 64.861411,
    "longitude": -133.964194
  },
  {
    "_id": "5a64282d70af9c08e7adadf1",
    "location": "108 Hubbard Street, Vicksburg, Rhode Island, 9060",
    "species": "walnut",
    "owners": "Goodman Stanley",
    "girth": 3984.02,
    "height": 38,
    "age": 129,
    "surveyNumber": 9145,
    "address": "532 Ashland Place, Holtville, Virgin Islands, 7303",
    "registered_date": "2015-05-01T12:29:32 -06:-30",
    "latitude": 83.100121,
    "longitude": 46.044731
  },
  {
    "_id": "5a64282dc63f09cc6f8cf298",
    "location": "383 Schenck Place, Lafferty, Utah, 728",
    "species": "cidar",
    "owners": "Bettye Vazquez",
    "girth": 1600.1,
    "height": 35,
    "age": 113,
    "surveyNumber": 3375,
    "address": "930 Fleet Street, Cliff, Kansas, 5471",
    "registered_date": "2015-01-07T02:08:15 -06:-30",
    "latitude": -63.842905,
    "longitude": -129.074347
  },
  {
    "_id": "5a64282d1dcd941818beb672",
    "location": "608 Melba Court, Rivera, Florida, 2624",
    "species": "walnut",
    "owners": "Curtis Greene",
    "girth": 3519.07,
    "height": 36,
    "age": 133,
    "surveyNumber": 7179,
    "address": "309 Kings Hwy, Teasdale, New Jersey, 7142",
    "registered_date": "2015-05-07T08:56:13 -06:-30",
    "latitude": -20.448223,
    "longitude": -59.266681
  },
  {
    "_id": "5a64282d3b6c6133918294ee",
    "location": "804 Ingraham Street, Kylertown, Michigan, 7874",
    "species": "teak",
    "owners": "Rosalyn Herrera",
    "girth": 2358.95,
    "height": 37,
    "age": 131,
    "surveyNumber": 9054,
    "address": "797 Carlton Avenue, Steinhatchee, Georgia, 6331",
    "registered_date": "2015-06-11T07:03:04 -06:-30",
    "latitude": -72.735413,
    "longitude": -134.337062
  },
  {
    "_id": "5a64282d00239bf7df59fe9d",
    "location": "200 Franklin Avenue, Carbonville, Illinois, 5110",
    "species": "walnut",
    "owners": "Bette White",
    "girth": 1577.54,
    "height": 33,
    "age": 147,
    "surveyNumber": 4615,
    "address": "365 Bath Avenue, Hondah, Maine, 7876",
    "registered_date": "2017-04-29T12:43:49 -06:-30",
    "latitude": 69.373749,
    "longitude": 25.493324
  },
  {
    "_id": "5a64282dbee524a586eda982",
    "location": "287 Kane Place, Hayes, Oklahoma, 6215",
    "species": "walnut",
    "owners": "Lauri Mason",
    "girth": 3298.51,
    "height": 22,
    "age": 131,
    "surveyNumber": 5107,
    "address": "432 Butler Street, Garnet, Connecticut, 2566",
    "registered_date": "2016-04-22T03:36:47 -06:-30",
    "latitude": -32.528223,
    "longitude": 115.947135
  },
  {
    "_id": "5a64282d6b06fe686a1a7e85",
    "location": "252 Richards Street, Martinsville, Vermont, 4715",
    "species": "teak",
    "owners": "Rosalind Sharpe",
    "girth": 1199.42,
    "height": 25,
    "age": 131,
    "surveyNumber": 9428,
    "address": "714 Coventry Road, Hoehne, Kentucky, 4091",
    "registered_date": "2014-12-26T12:26:50 -06:-30",
    "latitude": -42.882492,
    "longitude": -83.728943
  },
  {
    "_id": "5a64282dee1fcb2152e64493",
    "location": "882 Clay Street, Englevale, Minnesota, 2169",
    "species": "sheesham",
    "owners": "Jacobson Espinoza",
    "girth": 2583.86,
    "height": 39,
    "age": 124,
    "surveyNumber": 7756,
    "address": "401 Madison Place, Brambleton, Nebraska, 6105",
    "registered_date": "2017-11-20T03:42:02 -06:-30",
    "latitude": -25.557333,
    "longitude": 123.282939
  },
  {
    "_id": "5a64282d2e2fadc1745c537c",
    "location": "710 Dodworth Street, Alleghenyville, Massachusetts, 7977",
    "species": "sheesham",
    "owners": "Georgia Hopper",
    "girth": 2356.62,
    "height": 26,
    "age": 127,
    "surveyNumber": 2345,
    "address": "525 Fillmore Avenue, Babb, Maryland, 898",
    "registered_date": "2016-06-21T05:55:16 -06:-30",
    "latitude": -4.316022,
    "longitude": 46.140571
  },
  {
    "_id": "5a64282dd04f02baca595869",
    "location": "279 Elliott Place, Albany, Wyoming, 381",
    "species": "walnut",
    "owners": "Lois Meyer",
    "girth": 3719.84,
    "height": 39,
    "age": 119,
    "surveyNumber": 8813,
    "address": "864 Brightwater Avenue, Frank, North Dakota, 3871",
    "registered_date": "2014-04-20T09:51:39 -06:-30",
    "latitude": 1.728738,
    "longitude": -114.70262
  },
  {
    "_id": "5a64282d1b8c343954253dff",
    "location": "516 Trucklemans Lane, Blackgum, North Carolina, 1425",
    "species": "walnut",
    "owners": "Mcdowell Peters",
    "girth": 3626.07,
    "height": 33,
    "age": 140,
    "surveyNumber": 9503,
    "address": "123 Prospect Place, Albrightsville, South Dakota, 360",
    "registered_date": "2016-12-17T07:30:33 -06:-30",
    "latitude": -36.493341,
    "longitude": -21.903022
  },
  {
    "_id": "5a64282db8cfff07c626cd77",
    "location": "111 Java Street, Gilgo, Colorado, 6712",
    "species": "walnut",
    "owners": "Rosemary Reilly",
    "girth": 3708.72,
    "height": 30,
    "age": 120,
    "surveyNumber": 6918,
    "address": "175 Taylor Street, Dixonville, Puerto Rico, 5989",
    "registered_date": "2015-09-17T10:57:24 -06:-30",
    "latitude": 8.611001,
    "longitude": 72.837234
  },
  {
    "_id": "5a64282d4d5ba80fc4755b23",
    "location": "896 Danforth Street, Dupuyer, District Of Columbia, 9269",
    "species": "walnut",
    "owners": "Hebert Skinner",
    "girth": 2100.09,
    "height": 38,
    "age": 150,
    "surveyNumber": 7215,
    "address": "255 Flatlands Avenue, Churchill, Idaho, 3025",
    "registered_date": "2017-12-19T02:53:03 -06:-30",
    "latitude": 52.519753,
    "longitude": 73.442054
  },
  {
    "_id": "5a64282d1ed07ef3e3e2e0d6",
    "location": "744 Duffield Street, Allamuchy, Alabama, 7102",
    "species": "teak",
    "owners": "Beck Pittman",
    "girth": 1955.05,
    "height": 32,
    "age": 117,
    "surveyNumber": 4362,
    "address": "976 Bayview Place, Hatteras, Arizona, 2084",
    "registered_date": "2016-06-27T04:21:48 -06:-30",
    "latitude": -25.373976,
    "longitude": -43.69554
  },
  {
    "_id": "5a64282d2eec9f874bf0195a",
    "location": "587 Boynton Place, Waterford, Palau, 7732",
    "species": "cidar",
    "owners": "Lela Howell",
    "girth": 3239.89,
    "height": 29,
    "age": 117,
    "surveyNumber": 5989,
    "address": "663 Tompkins Place, Wattsville, New York, 1784",
    "registered_date": "2018-01-07T12:23:30 -06:-30",
    "latitude": 80.355718,
    "longitude": -76.845861
  },
  {
    "_id": "5a64282d3a00535a1e677f5e",
    "location": "556 Seagate Avenue, Forestburg, Alaska, 9890",
    "species": "sheesham",
    "owners": "Hazel Bradshaw",
    "girth": 3401.27,
    "height": 20,
    "age": 141,
    "surveyNumber": 1143,
    "address": "533 Grove Place, Joes, Northern Mariana Islands, 9115",
    "registered_date": "2016-06-22T12:21:50 -06:-30",
    "latitude": 81.647189,
    "longitude": -78.844783
  },
  {
    "_id": "5a64282de94422fcefca0cf5",
    "location": "775 Lake Place, Centerville, New Mexico, 7788",
    "species": "teak",
    "owners": "Hart Gallagher",
    "girth": 1106.22,
    "height": 39,
    "age": 120,
    "surveyNumber": 5360,
    "address": "888 Driggs Avenue, Hasty, Guam, 5350",
    "registered_date": "2015-05-21T09:24:32 -06:-30",
    "latitude": -60.701597,
    "longitude": -146.43783
  },
  {
    "_id": "5a64282d14fe50facb22a1cf",
    "location": "239 Wolf Place, Belva, Oregon, 9458",
    "species": "sheesham",
    "owners": "Wilcox Molina",
    "girth": 1629.11,
    "height": 35,
    "age": 127,
    "surveyNumber": 4079,
    "address": "714 McKibbin Street, Loomis, Nevada, 5317",
    "registered_date": "2015-05-29T09:53:08 -06:-30",
    "latitude": -15.615702,
    "longitude": 65.942489
  },
  {
    "_id": "5a64282d41cf290b1d60b594",
    "location": "702 Wyona Street, Sunbury, Tennessee, 5710",
    "species": "sheesham",
    "owners": "Sondra Dudley",
    "girth": 2842.55,
    "height": 27,
    "age": 117,
    "surveyNumber": 5432,
    "address": "805 Brigham Street, Ribera, American Samoa, 9429",
    "registered_date": "2014-09-29T06:07:04 -06:-30",
    "latitude": -74.394992,
    "longitude": 69.78579
  },
  {
    "_id": "5a64282d47f5b43808a2c4e3",
    "location": "352 Hooper Street, Blue, Ohio, 5600",
    "species": "walnut",
    "owners": "Bass Ellis",
    "girth": 1376.7,
    "height": 40,
    "age": 114,
    "surveyNumber": 6692,
    "address": "251 Matthews Court, Elliott, Washington, 2980",
    "registered_date": "2015-03-14T01:05:09 -06:-30",
    "latitude": 18.858098,
    "longitude": -71.881615
  },
  {
    "_id": "5a64282db92a95742f6743c3",
    "location": "627 Gold Street, Shrewsbury, Marshall Islands, 6729",
    "species": "teak",
    "owners": "Michael Jacobson",
    "girth": 3459.79,
    "height": 24,
    "age": 111,
    "surveyNumber": 5088,
    "address": "552 Thames Street, Cliffside, Virginia, 8940",
    "registered_date": "2015-11-30T11:49:16 -06:-30",
    "latitude": -40.094488,
    "longitude": 43.361221
  },
  {
    "_id": "5a64282db57caac40ef89444",
    "location": "571 Empire Boulevard, Robinette, California, 3370",
    "species": "walnut",
    "owners": "Garrett Henson",
    "girth": 1722.23,
    "height": 28,
    "age": 127,
    "surveyNumber": 1120,
    "address": "180 Franklin Street, Maury, Pennsylvania, 2409",
    "registered_date": "2016-02-29T03:00:26 -06:-30",
    "latitude": -15.801047,
    "longitude": 35.973265
  },
  {
    "_id": "5a64282d26ae2b69709ff1fa",
    "location": "128 Ruby Street, Maxville, West Virginia, 8932",
    "species": "cidar",
    "owners": "Pace Carter",
    "girth": 3240.39,
    "height": 31,
    "age": 148,
    "surveyNumber": 4616,
    "address": "918 Bush Street, Deseret, Texas, 7077",
    "registered_date": "2016-07-12T08:17:25 -06:-30",
    "latitude": -11.830763,
    "longitude": -1.472777
  },
  {
    "_id": "5a64282de11f3c7e68a64aad",
    "location": "600 Nova Court, Frizzleburg, Delaware, 1704",
    "species": "sheesham",
    "owners": "Carrie Leblanc",
    "girth": 1056.88,
    "height": 23,
    "age": 114,
    "surveyNumber": 5243,
    "address": "872 Minna Street, Nettie, Arkansas, 2827",
    "registered_date": "2015-06-10T09:35:53 -06:-30",
    "latitude": 14.7657,
    "longitude": 102.910633
  },
  {
    "_id": "5a64282ddcab412be4ae3c57",
    "location": "370 Tillary Street, Forbestown, South Carolina, 598",
    "species": "cidar",
    "owners": "Knapp Fry",
    "girth": 2369.18,
    "height": 40,
    "age": 126,
    "surveyNumber": 8577,
    "address": "348 Knickerbocker Avenue, Darlington, Mississippi, 4033",
    "registered_date": "2016-09-08T10:58:47 -06:-30",
    "latitude": -81.664717,
    "longitude": -179.888184
  },
  {
    "_id": "5a64282dced22dcfe39df6fa",
    "location": "678 Verona Street, Southview, Louisiana, 3595",
    "species": "cidar",
    "owners": "Johanna Vaughan",
    "girth": 2581.95,
    "height": 34,
    "age": 126,
    "surveyNumber": 7101,
    "address": "959 Williams Avenue, Crawfordsville, Federated States Of Micronesia, 6181",
    "registered_date": "2016-06-27T06:36:57 -06:-30",
    "latitude": -41.537564,
    "longitude": -121.545976
  },
  {
    "_id": "5a64282d1582e4fe4fa79e61",
    "location": "292 Bond Street, Lavalette, Indiana, 8139",
    "species": "teak",
    "owners": "Sosa Raymond",
    "girth": 1022.12,
    "height": 27,
    "age": 139,
    "surveyNumber": 5175,
    "address": "632 Junius Street, Keller, Wisconsin, 2303",
    "registered_date": "2016-08-09T10:29:28 -06:-30",
    "latitude": -70.592721,
    "longitude": -146.811823
  },
  {
    "_id": "5a64282d5ece0d6ac0d35190",
    "location": "225 Milton Street, Fruitdale, Iowa, 864",
    "species": "cidar",
    "owners": "Kaufman Robertson",
    "girth": 1047.27,
    "height": 26,
    "age": 132,
    "surveyNumber": 1471,
    "address": "546 Butler Place, Kraemer, Montana, 6663",
    "registered_date": "2015-09-02T02:56:52 -06:-30",
    "latitude": 77.438168,
    "longitude": 144.433152
  },
  {
    "_id": "5a64282d25afd4fa3c8d05dc",
    "location": "343 Adelphi Street, Chumuckla, Missouri, 3207",
    "species": "teak",
    "owners": "Jodie Leonard",
    "girth": 2020.41,
    "height": 30,
    "age": 150,
    "surveyNumber": 6077,
    "address": "900 Hazel Court, Wheaton, New Hampshire, 4717",
    "registered_date": "2015-03-21T09:13:59 -06:-30",
    "latitude": -80.60089,
    "longitude": 133.224407
  },
  {
    "_id": "5a64282ded0a3d1620a82333",
    "location": "311 Elmwood Avenue, Bawcomville, Rhode Island, 6985",
    "species": "teak",
    "owners": "Noel Blackwell",
    "girth": 2049.93,
    "height": 21,
    "age": 150,
    "surveyNumber": 8280,
    "address": "585 Havens Place, Crumpler, Virgin Islands, 826",
    "registered_date": "2014-04-25T11:43:49 -06:-30",
    "latitude": 33.290536,
    "longitude": -159.715618
  },
  {
    "_id": "5a64282dcd486cee1c4b4094",
    "location": "349 Maujer Street, Beaverdale, Utah, 8521",
    "species": "teak",
    "owners": "Byers Wright",
    "girth": 3649.28,
    "height": 33,
    "age": 116,
    "surveyNumber": 9032,
    "address": "683 Barbey Street, Holcombe, Kansas, 516",
    "registered_date": "2017-06-27T05:41:53 -06:-30",
    "latitude": -41.708838,
    "longitude": -21.466818
  },
  {
    "_id": "5a64282d58e39b072c7b9495",
    "location": "796 Thomas Street, Brule, Florida, 9745",
    "species": "walnut",
    "owners": "Boyer Weiss",
    "girth": 1072.88,
    "height": 27,
    "age": 144,
    "surveyNumber": 3877,
    "address": "420 Marconi Place, Sisquoc, New Jersey, 3889",
    "registered_date": "2017-07-10T05:39:34 -06:-30",
    "latitude": 42.041325,
    "longitude": 92.267781
  },
  {
    "_id": "5a64282de5cbf961cc396515",
    "location": "126 Crown Street, Seymour, Michigan, 7265",
    "species": "sheesham",
    "owners": "Coffey Colon",
    "girth": 2861.06,
    "height": 28,
    "age": 114,
    "surveyNumber": 2614,
    "address": "930 Hewes Street, Sims, Georgia, 2671",
    "registered_date": "2017-12-28T12:29:57 -06:-30",
    "latitude": 67.665051,
    "longitude": 109.954384
  },
  {
    "_id": "5a64282da52b734daa82906e",
    "location": "528 Russell Street, Kiskimere, Illinois, 5147",
    "species": "walnut",
    "owners": "Hernandez Howe",
    "girth": 1961.33,
    "height": 30,
    "age": 122,
    "surveyNumber": 4939,
    "address": "376 Boulevard Court, Witmer, Maine, 2083",
    "registered_date": "2015-04-03T08:40:20 -06:-30",
    "latitude": -50.097226,
    "longitude": -58.980042
  },
  {
    "_id": "5a64282d88224f6082bb7379",
    "location": "967 Truxton Street, Inkerman, Oklahoma, 7534",
    "species": "cidar",
    "owners": "Alyson Williamson",
    "girth": 2345.67,
    "height": 30,
    "age": 129,
    "surveyNumber": 5801,
    "address": "272 Johnson Street, Matthews, Connecticut, 648",
    "registered_date": "2014-07-28T02:20:41 -06:-30",
    "latitude": -45.69598,
    "longitude": 114.855099
  },
  {
    "_id": "5a64282df3887f930a8c33a3",
    "location": "340 Chase Court, Chamizal, Vermont, 5908",
    "species": "cidar",
    "owners": "Woodard Humphrey",
    "girth": 2021,
    "height": 36,
    "age": 136,
    "surveyNumber": 4552,
    "address": "546 Tech Place, Martell, Kentucky, 2953",
    "registered_date": "2014-12-11T03:56:31 -06:-30",
    "latitude": -55.768871,
    "longitude": -128.619296
  },
  {
    "_id": "5a64282d3289e1842399cad6",
    "location": "340 Degraw Street, Grandview, Minnesota, 907",
    "species": "teak",
    "owners": "Lilian Ball",
    "girth": 1886.81,
    "height": 24,
    "age": 122,
    "surveyNumber": 9102,
    "address": "246 Church Avenue, Bladensburg, Nebraska, 3185",
    "registered_date": "2017-12-29T04:52:42 -06:-30",
    "latitude": 71.512623,
    "longitude": 58.189698
  },
  {
    "_id": "5a64282d0f4bc7f00a6f4b83",
    "location": "700 Duryea Court, Zarephath, Massachusetts, 3160",
    "species": "sheesham",
    "owners": "Hughes Walls",
    "girth": 1223.51,
    "height": 38,
    "age": 142,
    "surveyNumber": 1213,
    "address": "964 Bergen Court, Oasis, Maryland, 2837",
    "registered_date": "2015-11-28T12:47:16 -06:-30",
    "latitude": 50.627303,
    "longitude": -156.001967
  },
  {
    "_id": "5a64282dc711efd89c14f9ac",
    "location": "182 Beverley Road, Homeland, Wyoming, 557",
    "species": "cidar",
    "owners": "Briana Workman",
    "girth": 2757.13,
    "height": 28,
    "age": 110,
    "surveyNumber": 5794,
    "address": "583 Liberty Avenue, Haena, North Dakota, 747",
    "registered_date": "2014-07-11T07:20:47 -06:-30",
    "latitude": 73.191667,
    "longitude": 83.77003
  },
  {
    "_id": "5a64282d3d0a9e0aa6f87a92",
    "location": "531 Tompkins Avenue, Craig, North Carolina, 6359",
    "species": "teak",
    "owners": "Hoover Stevenson",
    "girth": 3173.08,
    "height": 32,
    "age": 142,
    "surveyNumber": 1812,
    "address": "985 Terrace Place, Wyoming, South Dakota, 8123",
    "registered_date": "2014-04-03T09:00:16 -06:-30",
    "latitude": 76.861756,
    "longitude": -109.347147
  },
  {
    "_id": "5a64282d369088f945c1ced5",
    "location": "918 Madeline Court, Worcester, Colorado, 359",
    "species": "sheesham",
    "owners": "Karyn Peterson",
    "girth": 1712,
    "height": 38,
    "age": 120,
    "surveyNumber": 2273,
    "address": "607 Buffalo Avenue, Finderne, Puerto Rico, 9238",
    "registered_date": "2016-07-24T07:12:07 -06:-30",
    "latitude": 18.693652,
    "longitude": 127.93924
  },
  {
    "_id": "5a64282d49e8446b7b1d67f9",
    "location": "770 Hope Street, Corriganville, District Of Columbia, 4561",
    "species": "sheesham",
    "owners": "Grace Gould",
    "girth": 3631.37,
    "height": 36,
    "age": 138,
    "surveyNumber": 6910,
    "address": "461 Conway Street, Williston, Idaho, 7474",
    "registered_date": "2016-05-29T06:39:14 -06:-30",
    "latitude": 27.835856,
    "longitude": 151.069762
  },
  {
    "_id": "5a64282d39daebef8eefcf4b",
    "location": "422 Colin Place, Riegelwood, Alabama, 5462",
    "species": "cidar",
    "owners": "Jody Lamb",
    "girth": 2360.56,
    "height": 32,
    "age": 114,
    "surveyNumber": 8572,
    "address": "212 Chester Avenue, Hackneyville, Arizona, 8372",
    "registered_date": "2016-05-11T07:11:04 -06:-30",
    "latitude": -69.849179,
    "longitude": -63.896583
  },
  {
    "_id": "5a64282deedd940d29564486",
    "location": "419 Bushwick Court, Soudan, Palau, 2592",
    "species": "sheesham",
    "owners": "Fernandez Tran",
    "girth": 3683.24,
    "height": 30,
    "age": 134,
    "surveyNumber": 2880,
    "address": "935 Heath Place, Kempton, New York, 8620",
    "registered_date": "2017-02-07T11:35:58 -06:-30",
    "latitude": 14.757498,
    "longitude": 29.91978
  },
  {
    "_id": "5a64282d7c08e51d7a4e53ff",
    "location": "342 Locust Street, Herbster, Alaska, 8068",
    "species": "teak",
    "owners": "Sutton Chang",
    "girth": 1630.49,
    "height": 21,
    "age": 129,
    "surveyNumber": 5821,
    "address": "188 Willow Place, Woodruff, Northern Mariana Islands, 2507",
    "registered_date": "2017-09-19T08:09:30 -06:-30",
    "latitude": 75.485532,
    "longitude": 3.70619
  },
  {
    "_id": "5a64282d7ee2bc06d2935b1a",
    "location": "890 Temple Court, Chestnut, New Mexico, 6152",
    "species": "cidar",
    "owners": "Stevens Holt",
    "girth": 1280.94,
    "height": 20,
    "age": 133,
    "surveyNumber": 1975,
    "address": "171 Leonora Court, Edgewater, Guam, 1079",
    "registered_date": "2015-08-07T07:12:28 -06:-30",
    "latitude": 21.024728,
    "longitude": 122.891119
  },
  {
    "_id": "5a64282dee72fe504948b484",
    "location": "230 Opal Court, Lowell, Oregon, 9974",
    "species": "walnut",
    "owners": "Diane Conner",
    "girth": 2484.52,
    "height": 28,
    "age": 147,
    "surveyNumber": 8685,
    "address": "277 Bay Street, Celeryville, Nevada, 8310",
    "registered_date": "2016-07-22T04:42:26 -06:-30",
    "latitude": 20.702549,
    "longitude": 66.203122
  },
  {
    "_id": "5a64282d6d1f6594cb3225c6",
    "location": "838 Harwood Place, Emison, Tennessee, 3135",
    "species": "walnut",
    "owners": "Monroe Schroeder",
    "girth": 2890.8,
    "height": 20,
    "age": 138,
    "surveyNumber": 1770,
    "address": "755 Macon Street, Tuskahoma, American Samoa, 2703",
    "registered_date": "2015-04-21T06:21:40 -06:-30",
    "latitude": -52.787951,
    "longitude": -60.62996
  },
  {
    "_id": "5a64282d441c7c3182ad0a0c",
    "location": "273 Micieli Place, Fowlerville, Ohio, 4630",
    "species": "sheesham",
    "owners": "Tommie Lynn",
    "girth": 2325.83,
    "height": 37,
    "age": 143,
    "surveyNumber": 2109,
    "address": "755 Blake Court, Glasgow, Washington, 5152",
    "registered_date": "2015-08-06T09:05:10 -06:-30",
    "latitude": -60.746603,
    "longitude": 2.788392
  },
  {
    "_id": "5a64282dc9d5fe527234e2fa",
    "location": "355 Clarkson Avenue, Leyner, Marshall Islands, 719",
    "species": "cidar",
    "owners": "Franco Cantrell",
    "girth": 3623.58,
    "height": 36,
    "age": 132,
    "surveyNumber": 7627,
    "address": "218 Hill Street, Deltaville, Virginia, 7137",
    "registered_date": "2015-11-19T09:03:14 -06:-30",
    "latitude": 19.037205,
    "longitude": -14.34465
  },
  {
    "_id": "5a64282d5f9507564b275041",
    "location": "746 Rockaway Avenue, Dixie, California, 742",
    "species": "walnut",
    "owners": "Mcbride Rogers",
    "girth": 2260.06,
    "height": 34,
    "age": 128,
    "surveyNumber": 6979,
    "address": "718 Story Court, Gorst, Pennsylvania, 5300",
    "registered_date": "2017-06-26T07:36:49 -06:-30",
    "latitude": 38.332498,
    "longitude": 40.430666
  },
  {
    "_id": "5a64282dfd5627ea20f237d8",
    "location": "441 Tennis Court, Crayne, West Virginia, 4576",
    "species": "walnut",
    "owners": "Mia Prince",
    "girth": 1285.42,
    "height": 36,
    "age": 135,
    "surveyNumber": 2031,
    "address": "168 Cass Place, Bakersville, Texas, 4081",
    "registered_date": "2016-08-24T01:16:34 -06:-30",
    "latitude": -13.105814,
    "longitude": 77.474092
  },
  {
    "_id": "5a64282d6f73a071d0f481ac",
    "location": "876 Gem Street, Gibbsville, Delaware, 6104",
    "species": "walnut",
    "owners": "Sanders Ortega",
    "girth": 1110.66,
    "height": 30,
    "age": 115,
    "surveyNumber": 1554,
    "address": "500 Montague Street, Yorklyn, Arkansas, 7736",
    "registered_date": "2017-09-11T01:35:29 -06:-30",
    "latitude": 66.658478,
    "longitude": -177.009276
  },
  {
    "_id": "5a64282d33390256961071e1",
    "location": "643 Kent Street, Disautel, South Carolina, 8212",
    "species": "sheesham",
    "owners": "Bernadette Gallegos",
    "girth": 1501.29,
    "height": 36,
    "age": 146,
    "surveyNumber": 1214,
    "address": "703 Pitkin Avenue, Wedgewood, Mississippi, 2491",
    "registered_date": "2015-06-08T06:40:50 -06:-30",
    "latitude": 58.575267,
    "longitude": 83.386222
  },
  {
    "_id": "5a64282dbfd8cf96d8009b99",
    "location": "328 Veronica Place, Eggertsville, Louisiana, 9668",
    "species": "teak",
    "owners": "Reilly Blankenship",
    "girth": 1301.87,
    "height": 39,
    "age": 118,
    "surveyNumber": 7228,
    "address": "649 Linwood Street, Stagecoach, Federated States Of Micronesia, 6432",
    "registered_date": "2017-01-24T11:56:28 -06:-30",
    "latitude": -64.766894,
    "longitude": 68.140642
  },
  {
    "_id": "5a64282d1b5b98e48be7dd47",
    "location": "250 Hart Place, Alderpoint, Indiana, 9110",
    "species": "sheesham",
    "owners": "Stuart Best",
    "girth": 2036.79,
    "height": 21,
    "age": 129,
    "surveyNumber": 3582,
    "address": "108 Caton Avenue, Como, Wisconsin, 6009",
    "registered_date": "2015-03-13T07:13:39 -06:-30",
    "latitude": 3.907117,
    "longitude": 27.892994
  },
  {
    "_id": "5a64282da2268271589bb82c",
    "location": "839 Rost Place, Calverton, Iowa, 6419",
    "species": "cidar",
    "owners": "Pierce Webster",
    "girth": 2353.08,
    "height": 31,
    "age": 117,
    "surveyNumber": 6541,
    "address": "296 Dakota Place, Titanic, Montana, 4858",
    "registered_date": "2015-02-10T09:53:36 -06:-30",
    "latitude": 51.066212,
    "longitude": -171.908334
  },
  {
    "_id": "5a64282d8d1c7380bb077809",
    "location": "690 Rutledge Street, Bethany, Missouri, 1423",
    "species": "sheesham",
    "owners": "Allyson Doyle",
    "girth": 3792.23,
    "height": 29,
    "age": 122,
    "surveyNumber": 9436,
    "address": "280 Tampa Court, Dorneyville, New Hampshire, 441",
    "registered_date": "2016-05-27T04:30:13 -06:-30",
    "latitude": 19.202725,
    "longitude": 24.374689
  },
  {
    "_id": "5a64282d1155da4d879bad94",
    "location": "275 Jamison Lane, Spelter, Rhode Island, 1713",
    "species": "walnut",
    "owners": "Millicent Adams",
    "girth": 2233.65,
    "height": 34,
    "age": 137,
    "surveyNumber": 5608,
    "address": "384 Varanda Place, Callaghan, Virgin Islands, 9901",
    "registered_date": "2015-12-09T01:47:33 -06:-30",
    "latitude": 36.753554,
    "longitude": 133.250797
  },
  {
    "_id": "5a64282d5c03eb771cb7344b",
    "location": "875 Everit Street, Eastmont, Utah, 2072",
    "species": "teak",
    "owners": "Kristi Bishop",
    "girth": 1189.32,
    "height": 35,
    "age": 135,
    "surveyNumber": 8418,
    "address": "632 Oceanic Avenue, Moraida, Kansas, 3057",
    "registered_date": "2015-05-04T09:47:48 -06:-30",
    "latitude": -60.636161,
    "longitude": 38.957036
  },
  {
    "_id": "5a64282d2e9a11ac9b55ce33",
    "location": "909 Clarendon Road, Tampico, Florida, 1588",
    "species": "teak",
    "owners": "Clarke Hurst",
    "girth": 1540.96,
    "height": 27,
    "age": 113,
    "surveyNumber": 6108,
    "address": "255 Vine Street, Greenbackville, New Jersey, 127",
    "registered_date": "2014-04-30T08:47:40 -06:-30",
    "latitude": -40.014052,
    "longitude": 166.625607
  }
]